gene_name;amino_acids;extra_nucleotides;accession;functionality;partial
TRAV1-1*01;CAVR;ga;AE000658;F; 
TRAV1-1*02;CA;gt;X04939;(F); 
TRAV1-2*01;CAVR;ga;AE000658;F; 
TRAV10*01;CVVS;g;AE000659;F; 
TRAV11*01;CAL;c;AE000659;P; 
TRAV12-1*01;CVVN;a;AE000659;F; 
TRAV12-1*02;CVVN;a;M17657;(F); 
TRAV12-2*01;CAVN;a;AE000659;F; 
TRAV12-2*02;CAV;a;M81774;(F); 
TRAV12-2*03;CAVN;a;X04946;(F);partial in 5'
TRAV12-3*01;CAMS;g;AE000659;F; 
TRAV12-3*02;CAMS;g;M17656;(F); 
TRAV13-1*01;CAAS;a;AE000659;F; 
TRAV13-1*02;CAAS;a;X04954;(F); 
TRAV13-2*01;CAEN;a;AE000659;F; 
TRAV13-2*02;CAE;a;M17658;(F); 
TRAV14/DV4*01;CAMRE;gg;M21626;F; 
TRAV14/DV4*02;CAMRE;gg;AE000659;F; 
TRAV14/DV4*03;CAM;gg;M21624;(F); 
TRAV16*01;CALS;gg;AE000659;F; 
TRAV17*01;CATD;g;AE000660;F; 
TRAV18*01;CALR;ga;AE000660;F; 
TRAV19*01;CALSE;gc;AE000660;F; 
TRAV2*01;CAVE;ga;AE000658;F; 
TRAV2*02;CAVAW;ga;M17659;(F); 
TRAV20*01;CAVQ;g;AE000660;F; 
TRAV20*02;CA;g;X68696;(F);partial in 3'
TRAV20*03;C;g;S60789;(F);partial in 3'
TRAV20*04;CA;g;X70305;(F);partial in 3'
TRAV21*01;CAVR;g;AE000660;F; 
TRAV21*02;CA;g;X58736;(F);partial in 3'
TRAV22*01;CAVE;c;AE000660;F; 
TRAV23/DV6*01;CAAS;a;AE000660;F; 
TRAV23/DV6*02;CAAS;g;M17660;(F); 
TRAV23/DV6*03;CAAS;a;M97704;(F); 
TRAV23/DV6*04;C;a;Y10411;[F];partial in 5' and in 3' 
TRAV24*01;CAF;a;AE000660;F; 
TRAV24*02;CAF;a;M17661;(F); 
TRAV25*01;CAG;a;AE000660;F; 
TRAV26-1*01;CIVRV;g;AE000660;F; 
TRAV26-1*02;CIVRDW;gt;M27371;(F); 
TRAV26-1*03;CI;gt;L06886;(F);partial in 3'
TRAV26-2*01;CILRD;gt;AE000660;F; 
TRAV26-2*02;CVAIAEDRKSST;t;L11160;[F];partial in 3'
TRAV27*01;CAG;g;AE000660;F; 
TRAV27*02;CA;gg;X04957;(F); 
TRAV27*03;CA;gg;D13075;(F);partial in 3'
TRAV29/DV5*01;CAAS;g;AE000660;F; 
TRAV29/DV5*02;CAAS;g;S81645;F; 
TRAV3*01;CAVRD;a;AE000658;F; 
TRAV30*01;CGTE;a;AE000660;F; 
TRAV30*02;CG;a;X58768;(F);partial in 3'
TRAV30*03;CG;a;L06883;(F);partial in 3'
TRAV34*01;CGAD;a;AE000660;F; 
TRAV35*01;CAGQ;a;AE000660;F; 
TRAV35*02;CA;a;X58738;(F);partial in 3'
TRAV36/DV7*01;CAVE;g;AE000660;F; 
TRAV36/DV7*02;CAV;g;X61070;(F); 
TRAV36/DV7*03;CA;g;X58767;(F);partial in 3'
TRAV36/DV7*04;CA;g;Z46643;(F); 
TRAV38-1*01;CAFMK;ca;AE000661;F; 
TRAV38-1*02;CA;t;M64355;(F); 
TRAV38-1*03;CAF;a;M95394;(F); 
TRAV38-1*04;CA;a;L06880;(F);partial in 3'
TRAV38-2/DV8*01;CAYRS;g;AE000661;F; 
TRAV39*01;CAVD;a;AE000661;F; 
TRAV4*01;CLVGD;a;AE000658;F; 
TRAV40*01;CLLG;ga;X73521;F; 
TRAV41*01;CAVR;ga;AE000661;F; 
TRAV5*01;CAES;a;AE000659;F; 
TRAV6*01;CALD;a;AE000659;F; 
TRAV6*02;CA;a;X58747;(F);partial in 3'
TRAV6*03;CA;a;Z49060;[F];partial in 5' and in 3' 
TRAV6*04;CA;a;Y10409;[F];partial in 5' and in 3' 
TRAV6*05;CA;a;Y10410;[F];partial in 5' and in 3' 
TRAV7*01;CAVD;g;AE000659;F; 
TRAV8-1*01;CAVN;gc;AE000659;F; 
TRAV8-2*01;CVVS;ga;AE000659;F; 
TRAV8-2*02;CVVTRHELS;g;M17650;(F); 
TRAV8-3*01;CAVG;gc;AE000659;F; 
TRAV8-3*02;CAVV;gc;M35617;(F); 
TRAV8-3*03;CA;gc;L06885;(F);partial in 3'
TRAV8-4*01;CAVS;ga;AE000659;F; 
TRAV8-4*02;CAVS;ga;M12423;(F); 
TRAV8-4*03;CA;ga;D13077;(F);partial in 3'
TRAV8-4*04;CAVS;ga;M12959;(F); 
TRAV8-4*05;CAVS;ga;X63455;(F); 
TRAV8-4*06;CAVS;ga;K02777;(F);partial in 5'
TRAV8-4*07;CAV;ag;M17665;(F);partial in 5'
TRAV8-6*01;CAVS;ga;X02850;F; 
TRAV8-6*02;CAVS;ga;AE000659;F; 
TRAV8-7*01;CAVGDR;ag;AE000660;ORF; 
TRAV9-1*01;CALS;ga;AE000659;F; 
TRAV9-2*01;CALS;ga;AE000659;F; 
TRAV9-2*02;CA;ga;X58745;(F);partial in 3'
TRAV9-2*03;CA;ga;L06881;(F);partial in 3'
TRAV9-2*04;CA;ga;L06882;(F); 
